timestamp,Entwater,TSS,Turbidity,Qcms,WaterTempC,RFallIntensity,rainfall15min,rainfall1hour,rainfall24hour,rainfall48hour,AirTempAvgC,AirTempAvgF,DewpointAvgC,DewpointAvgF,HumidityAvg,PressureMaxIn,PressureMinIn,WindSpeedAvgMPH
41289.53,2.568201724,2.76,6.59,0.479,15.78,0.00000,0,0,0,0.07,16.72,62.1,15.00,59,90,30.11,29.99,0
41290.24,3.431363764,26.15,17.4,0.546,15.72,0.00133,0.02,0.07,0.3,0.36,11.78,53.2,10.72,51.3,94,30.02,29.93,0
41290.45,3.477121255,36.55,22.2,0.722,15.00,0.00067,0.01,0.03,0.67,0.67,11.78,53.2,10.72,51.3,94,30.02,29.93,0
41291.03,3.342422681,33.19,22.6,1.385,14.78,0.00000,0,0,0.75,0.95,10.11,50.2,9.28,48.7,94,30.2,29.73,0
41291.07,3.342422681,34.33,24.2,1.399,14.72,0.00000,0,0,0.74,0.95,10.11,50.2,9.28,48.7,94,30.2,29.73,0
41291.41,3.342422681,25.75,23,1.482,14.28,0.00000,0,0.01,0.72,1.35,10.11,50.2,9.28,48.7,94,30.2,29.73,0
41291.45,3.169674434,26.77,23.1,1.518,14.28,0.00000,0,0.01,0.7,1.36,10.11,50.2,9.28,48.7,94,30.2,29.73,0
41291.49,3.397940009,28.19,21.8,1.54,14.22,0.00200,0.03,0.13,0.77,1.49,10.11,50.2,9.28,48.7,94,30.2,29.73,0
41291.61,3.740362689,52.62,34.9,1.905,14.28,0.00000,0,0.06,1.24,2.02,10.11,50.2,9.28,48.7,94,30.2,29.73,0
41291.70,3.976945751,94.88,49.2,2.491,14.22,0.00000,0,0,1.2,2.02,10.11,50.2,9.28,48.7,94,30.2,29.73,0
41292.03,4.322219295,238.87,133,6.143,12.61,0.00000,0,0,1.07,1.82,4.11,39.4,0.28,32.5,80,30.48,30.2,0
41292.11,4.380211242,211.44,135,5.673,12.22,0.00000,0,0,1.06,1.81,4.11,39.4,0.28,32.5,80,30.48,30.2,0
41292.16,4.197280558,189.44,117.6,5.415,11.89,0.00000,0,0,1.03,1.8,4.11,39.4,0.28,32.5,80,30.48,30.2,0
41292.24,4.152288344,151.75,92.7,4.833,11.39,0.00000,0,0,0.88,1.72,4.11,39.4,0.28,32.5,80,30.48,30.2,0
41292.57,3.469822016,79.66,57.5,3.525,10.39,0.00000,0,0,0.1,1.26,4.11,39.4,0.28,32.5,80,30.48,30.2,0
41293.40,3.085290578,29.91,32.9,2.086,8.00,0.00000,0,0,0,0.68,3.28,37.9,-1.17,29.9,76,30.46,30.2,0
41294.56,2.596597096,14.65,19.1,1.447,8.28,0.00000,0,0,0,0,7.33,45.2,1.44,34.6,70,30.2,30.06,1
41303.48,1.939519253,1.58,8.19,0.574,7.89,0.00000,0,0,0.01,0.01,11.56,52.8,8.94,48.1,85,30.27,30.02,0
41305.19,3.681241237,60.83,37.5,1.569,12.11,0.00000,0,0,1,1.01,5.89,42.6,-2.33,27.8,57,30.12,29.71,2
41305.23,3.763427994,70,46.3,1.778,11.61,0.00000,0,0,1,1.01,5.89,42.6,-2.33,27.8,57,30.12,29.71,2
41305.27,3.633468456,88.17,54.8,1.961,11.22,0.00000,0,0,1,1.01,5.89,42.6,-2.33,27.8,57,30.12,29.71,2
41305.31,3.491361694,86.49,49.2,2.053,10.89,0.00000,0,0,1,1.01,5.89,42.6,-2.33,27.8,57,30.12,29.71,2
41305.35,3.574031268,71.43,46.3,2.044,10.72,0.00000,0,0,1,1.01,5.89,42.6,-2.33,27.8,57,30.12,29.71,2
41305.40,3.447158031,56.49,42.2,1.978,10.28,0.00000,0,0,1,1,5.89,42.6,-2.33,27.8,57,30.12,29.71,2
41305.44,3.397940009,48.66,36.8,1.921,10.00,0.00000,0,0,1,1,5.89,42.6,-2.33,27.8,57,30.12,29.71,2
41305.48,3.705863712,50.44,37.6,1.865,10.00,0.00000,0,0,1,1,5.89,42.6,-2.33,27.8,57,30.12,29.71,2
41305.52,3.122215878,40.77,35.1,1.786,10.00,0.00000,0,0,1,1,5.89,42.6,-2.33,27.8,57,30.12,29.71,2
41305.65,3.176091259,33.33,33.6,1.605,10.61,0.00000,0,0,1,1,5.89,42.6,-2.33,27.8,57,30.12,29.71,2
41306.43,2.184691431,9.27,17.9,1.07,6.89,0.00000,0,0,0,1,3.39,38.1,-7.78,18,48,30.34,30.05,2
41316.01,3.180699201,14.08,14.1,1.121,10.72,0.00067,0.01,0.06,0.62,0.62,11.39,52.5,9.72,49.5,93,30.15,30.04,0
41316.09,3.212986185,17.45,15.8,1.27,10.61,0.00000,0,0.02,0.65,0.65,11.39,52.5,9.72,49.5,93,30.15,30.04,0
41316.18,3.361727836,28.31,22.8,1.412,10.50,0.00067,0.01,0.02,0.68,0.68,11.39,52.5,9.72,49.5,93,30.15,30.04,0
41316.26,3.371067862,33.13,26.6,1.657,10.39,0.00000,0,0.02,0.74,0.74,11.39,52.5,9.72,49.5,93,30.15,30.04,0
41316.34,3.431363764,44.89,29.8,1.889,10.39,0.00000,0,0.02,0.77,0.77,11.39,52.5,9.72,49.5,93,30.15,30.04,0
41316.43,3.371067862,59.2,34.1,2.19,10.50,0.00000,0,0,0.79,0.79,11.39,52.5,9.72,49.5,93,30.15,30.04,0
41316.51,3.068185862,62.04,41.7,2.369,10.72,0.00000,0,0,0.79,0.79,11.39,52.5,9.72,49.5,93,30.15,30.04,0
41316.55,3.216165902,62.89,40.5,2.462,10.78,0.00000,0,0,0.79,0.79,11.39,52.5,9.72,49.5,93,30.15,30.04,0
41316.59,3.011570444,67.38,34.3,2.481,11.00,0.00000,0,0,0.79,0.79,11.39,52.5,9.72,49.5,93,30.15,30.04,0
41316.64,3.096910013,54.28,39.9,2.472,11.22,0.00000,0,0,0.79,0.79,11.39,52.5,9.72,49.5,93,30.15,30.04,0
41316.68,3.072617477,56.43,39.4,2.5,11.28,0.00000,0,0,0.79,0.79,11.39,52.5,9.72,49.5,93,30.15,30.04,0
41316.72,2.948412966,61.78,42.6,2.491,11.39,0.00067,0.01,0.03,0.82,0.82,11.39,52.5,9.72,49.5,93,30.15,30.04,0
41316.84,2.936010796,48.88,39.2,2.453,11.50,0.00000,0,0,0.75,0.89,11.39,52.5,9.72,49.5,93,30.15,30.04,0
41316.97,3.380211242,42.9,39.3,2.425,11.50,0.00000,0,0,0.35,0.89,11.39,52.5,9.72,49.5,93,30.15,30.04,0
41317.09,3.143951116,40.33,37,2.388,11.39,0.00000,0,0,0.24,0.89,10.28,50.5,7.39,45.3,84,30.09,29.87,0
41317.22,2.92788341,39.33,37.2,2.369,11.28,0.00000,0,0,0.18,0.9,10.28,50.5,7.39,45.3,84,30.09,29.87,0
41317.34,2.841984805,36.85,33,2.351,11.11,0.00000,0,0,0.13,0.9,10.28,50.5,7.39,45.3,84,30.09,29.87,0
41317.93,2.544068044,25.2,25.5,2.086,11.72,0.00000,0,0.06,0.21,0.6,10.28,50.5,7.39,45.3,84,30.09,29.87,0
41318.14,2.62324929,26.96,25.2,2.086,11.11,0.00000,0,0.01,0.23,0.47,7.72,45.9,5.83,42.5,89,29.91,29.72,1
41318.30,2.69019608,28.31,25,2.129,10.78,0.00000,0,0.01,0.24,0.39,7.72,45.9,5.83,42.5,89,29.91,29.72,1
41318.43,2.579783597,25,31.2,2.138,10.61,0.00000,0,0,0.24,0.35,7.72,45.9,5.83,42.5,89,29.91,29.72,1
41319.44,2.274157849,15.87,18.5,1.702,8.11,0.00000,0,0,0.01,0.25,5.06,41.1,0.78,33.4,77,30.06,29.9,1
41328.17,3.505149978,45.59,38.3,2.756,8.11,0.00200,0.03,0.11,1.1,1.4,6.11,43,5.00,41,94,30.1,29.85,0
41328.25,3.484299839,56.67,44.9,3.052,7.89,0.00267,0.04,0.22,1.14,1.79,6.11,43,5.00,41,94,30.1,29.85,0
41328.33,3.40654018,93.44,57.4,3.918,7.89,0.00000,0,0,0.93,1.8,6.11,43,5.00,41,94,30.1,29.85,0
41328.42,3.763427994,284.54,127.6,6.255,7.89,0.00000,0,0,0.86,1.81,6.11,43,5.00,41,94,30.1,29.85,0
41328.50,3.931966115,402,166.8,8.167,8.00,0.00000,0,0,0.85,1.81,6.11,43,5.00,41,94,30.1,29.85,0
41328.54,3.643452676,430,219.5,8.862,8.00,0.00000,0,0,0.84,1.81,6.11,43,5.00,41,94,30.1,29.85,0
41328.58,3.667452953,438.17,240,9.265,8.11,0.00000,0,0,0.84,1.81,6.11,43,5.00,41,94,30.1,29.85,0
41328.63,3.933234129,453.61,258.5,9.761,8.22,0.00000,0,0,0.83,1.81,6.11,43,5.00,41,94,30.1,29.85,0
41328.67,3.748188027,449.1,255,9.868,8.22,0.00000,0,0,0.83,1.81,6.11,43,5.00,41,94,30.1,29.85,0
41328.71,3.72427587,436.21,227,9.841,8.28,0.00000,0,0,0.83,1.81,6.11,43,5.00,41,94,30.1,29.85,0
41328.75,3.740362689,295.85,211,9.602,8.50,0.00000,0,0,0.83,1.81,6.11,43,5.00,41,94,30.1,29.85,0
41328.79,3.770852012,273.36,188.5,9.188,8.61,0.00000,0,0,0.83,1.81,6.11,43,5.00,41,94,30.1,29.85,0
41328.83,3.926856709,244.38,154.5,8.284,8.61,0.00000,0,0,0.83,1.81,6.11,43,5.00,41,94,30.1,29.85,0
41328.96,3.711807229,155.64,125.5,7.026,8.78,0.00000,0,0,0.82,1.81,6.11,43,5.00,41,94,30.1,29.85,0
41329.08,3.511883361,160.5,93.6,5.904,8.78,0.00000,0,0,0.54,1.76,10.39,50.7,4.28,39.7,71,29.99,29.88,0
41329.21,3.380211242,114.86,77.8,5.314,8.72,0.00000,0,0,0.29,1.26,10.39,50.7,4.28,39.7,71,29.99,29.88,0
41329.33,3.342422681,101.34,63.5,4.787,8.61,0.00000,0,0,0.01,0.93,10.39,50.7,4.28,39.7,71,29.99,29.88,0
41330.56,2.491361694,37.93,34.5,2.519,9.28,0.00000,0,0,0.01,0.01,6.94,44.5,-0.06,31.9,62,30.08,29.94,0
41331.24,3.602059991,60.11,41.9,2.676,7.50,0.00467,0.07,0.28,0.91,0.91,4.11,39.4,3.00,37.4,93,29.94,29.58,1
41331.32,3.698970004,100.65,57.9,4.161,7.28,0.00333,0.05,0.09,1.12,1.13,4.11,39.4,3.00,37.4,93,29.94,29.58,1
41331.41,4.116441698,317.85,145.4,8.449,7.22,0.00000,0,0,1.14,1.15,4.11,39.4,3.00,37.4,93,29.94,29.58,1
41331.49,4.143795204,384,187.8,10.222,7.11,0.00067,0.01,0.03,1.17,1.18,4.11,39.4,3.00,37.4,93,29.94,29.58,1
41331.53,4.003245055,345.14,200,10.9,7.22,0.00067,0.01,0.01,1.18,1.19,4.11,39.4,3.00,37.4,93,29.94,29.58,1
41331.57,4.068185862,377.27,220,11.282,7.22,0.00000,0,0,1.18,1.19,4.11,39.4,3.00,37.4,93,29.94,29.58,1
41331.61,4.074633618,376.18,237,11.643,7.28,0.00000,0,0,1.18,1.19,4.11,39.4,3.00,37.4,93,29.94,29.58,1
41331.74,4.068185862,349.41,224.5,12.553,7.72,0.00000,0,0,1.18,1.19,4.11,39.4,3.00,37.4,93,29.94,29.58,1
41331.78,3.986771734,253.26,190.5,12.682,7.89,0.00000,0,0,1.18,1.19,4.11,39.4,3.00,37.4,93,29.94,29.58,1
41331.86,3.84509804,223.34,133.6,11.858,8.11,0.00000,0,0,1.18,1.19,4.11,39.4,3.00,37.4,93,29.94,29.58,1
41331.95,3.716003344,209.41,132,10.194,8.22,0.00000,0,0,1.18,1.19,4.11,39.4,3.00,37.4,93,29.94,29.58,1
41332.07,3.672097858,157.85,111.2,7.779,8.11,0.00000,0,0,1.02,1.19,8.50,47.3,2.56,36.6,67,29.86,29.72,2
41332.20,3.638489257,78.72,79.6,6.924,8.00,0.00000,0,0,0.62,1.19,8.50,47.3,2.56,36.6,67,29.86,29.72,2
41344.50,1.755874856,4.74,8.99,0.923,0.00,0.00000,0,0,0,0,13.83,56.9,10.17,50.3,79,30.16,29.83,1
41344.89,2.439332694,15.47,12.7,1.027,13.30,0.00400,0.06,0.19,0.36,0.36,13.83,56.9,10.17,50.3,79,30.16,29.83,1
41344.97,2.73239376,14.35,13.3,1.108,13.30,0.00067,0.01,0.07,0.58,0.58,13.83,56.9,10.17,50.3,79,30.16,29.83,1
41345.05,2.946943271,21.93,16.1,1.263,13.20,0.00067,0.01,0.05,0.74,0.74,13.00,55.4,5.89,42.6,67,30.07,29.79,2
41345.14,2.974511693,23.95,19,1.378,13.10,0.00000,0,0.04,0.79,0.79,13.00,55.4,5.89,42.6,67,30.07,29.79,2
41345.22,2.890979597,34.03,20.3,1.525,12.80,0.00000,0,0,0.79,0.79,13.00,55.4,5.89,42.6,67,30.07,29.79,2
41345.30,2.95568775,41.09,21.9,1.657,12.50,0.00000,0,0,0.79,0.79,13.00,55.4,5.89,42.6,67,30.07,29.79,2
41345.34,2.986771734,38.33,27.1,1.709,12.30,0.00000,0,0.01,0.8,0.8,13.00,55.4,5.89,42.6,67,30.07,29.79,2
41345.39,2.949390007,42.15,25.7,1.748,12.10,0.00000,0,0,0.8,0.8,13.00,55.4,5.89,42.6,67,30.07,29.79,2
41345.43,2.767155866,39.33,24.5,1.763,12.10,0.00000,0,0,0.8,0.8,13.00,55.4,5.89,42.6,67,30.07,29.79,2
41345.47,2.389166084,34.52,23.9,1.771,12.40,0.00000,0,0,0.8,0.8,13.00,55.4,5.89,42.6,67,30.07,29.79,2
41345.55,2.123851641,33.63,21.9,1.755,13.50,0.00000,0,0,0.81,0.81,13.00,55.4,5.89,42.6,67,30.07,29.79,2
41345.64,2.079181246,27.51,21,1.687,14.60,0.00000,0,0,0.81,0.81,13.00,55.4,5.89,42.6,67,30.07,29.79,2
41345.72,2.342422681,23,17.7,1.627,15.30,0.00000,0,0,0.81,0.81,13.00,55.4,5.89,42.6,67,30.07,29.79,2
41345.89,2.146128036,20.78,19.9,1.49,14.60,0.00000,0,0,0.51,0.81,13.00,55.4,5.89,42.6,67,30.07,29.79,2
41346.05,2.439332694,17.16,17.4,1.406,12.90,0.00000,0,0,0.08,0.81,8.06,46.5,-2.28,27.9,52,30.22,30.07,3
41346.22,2.73239376,16.07,16.4,1.33,11.20,0.00000,0,0,0.02,0.81,8.06,46.5,-2.28,27.9,52,30.22,30.07,3
41346.39,2.740362689,10.63,14.7,1.27,9.80,0.00000,0,0,0.01,0.81,8.06,46.5,-2.28,27.9,52,30.22,30.07,3
41354.53,1.73239376,5.59,7.04,0.911,10.10,0.00000,0,0,0,0,5.56,42,-9.44,15,37,29.96,29.86,3
41356.44,3.130333768,44.77,18.1,1.083,9.00,0.00333,0.05,0.19,0.79,0.79,7.50,45.5,5.28,41.5,86,30.03,29.88,0
41356.52,3.146128036,24.15,19.5,1.263,9.50,0.00000,0,0.01,0.95,0.95,7.50,45.5,5.28,41.5,86,30.03,29.88,0
41356.60,2.903089987,47.21,26.1,1.518,9.80,0.00000,0,0,0.95,0.95,7.50,45.5,5.28,41.5,86,30.03,29.88,0
41356.73,2.77815125,66.26,35,1.937,10.40,0.00000,0,0,0.95,0.95,7.50,45.5,5.28,41.5,86,30.03,29.88,0
41356.81,2.977723605,71.74,43.9,2.172,10.60,0.00000,0,0,0.95,0.95,7.50,45.5,5.28,41.5,86,30.03,29.88,0
41356.85,3.041392685,79.33,45.8,2.296,10.70,0.00000,0,0,0.95,0.95,7.50,45.5,5.28,41.5,86,30.03,29.88,0
41356.90,3.079181246,86.23,45.2,2.351,10.70,0.00000,0,0,0.95,0.95,7.50,45.5,5.28,41.5,86,30.03,29.88,0
41356.94,2.740362689,78.47,42.9,2.378,10.60,0.00000,0,0,0.95,0.95,7.50,45.5,5.28,41.5,86,30.03,29.88,0
41356.98,2.812913357,73.19,41.6,2.351,10.60,0.00000,0,0,0.95,0.95,7.50,45.5,5.28,41.5,86,30.03,29.88,0
41357.23,4.008600172,140.94,75.1,3.254,10.10,0.00067,0.01,0.22,2.03,2.03,7.94,46.3,6.72,44.1,92,29.89,29.56,0
41357.31,3.963787827,418.48,173.2,7.558,10.10,0.00000,0,0.07,2.01,2.15,7.94,46.3,6.72,44.1,92,29.89,29.56,0
41357.40,4.1430148,422.22,209.5,11.193,10.10,0.00000,0,0.02,1.7,2.22,7.94,46.3,6.72,44.1,92,29.89,29.56,0
41357.44,4.098643726,415.91,181.8,11.889,10.10,0.00000,0,0,1.54,2.22,7.94,46.3,6.72,44.1,92,29.89,29.56,0
41357.48,3.879382637,400.87,202.5,12.297,10.10,0.00000,0,0.01,1.36,2.23,7.94,46.3,6.72,44.1,92,29.89,29.56,0
41357.52,4.133538908,427.3,230.5,12.78,10.10,0.00000,0,0,1.28,2.23,7.94,46.3,6.72,44.1,92,29.89,29.56,0
41357.56,4.414973348,393.47,219,12.682,10.20,0.00000,0,0.01,1.29,2.24,7.94,46.3,6.72,44.1,92,29.89,29.56,0
41357.60,4.223366126,328.22,194.5,12.65,10.30,0.00000,0,0,1.29,2.24,7.94,46.3,6.72,44.1,92,29.89,29.56,0
41357.65,4.431363764,287.54,156.4,12.585,10.30,0.00000,0,0,1.29,2.24,7.94,46.3,6.72,44.1,92,29.89,29.56,0
41357.69,4.102090526,247.47,135.2,12.17,10.40,0.00000,0,0,1.29,2.24,7.94,46.3,6.72,44.1,92,29.89,29.56,0
41357.73,4.037426498,263.14,125.8,11.552,10.50,0.00000,0,0,1.29,2.24,7.94,46.3,6.72,44.1,92,29.89,29.56,0
41357.77,3.919078092,182.76,112.6,10.814,10.50,0.00000,0,0,1.29,2.24,7.94,46.3,6.72,44.1,92,29.89,29.56,0
41357.89,3.901730692,148.29,99.8,9.239,10.60,0.00000,0,0,1.29,2.24,7.94,46.3,6.72,44.1,92,29.89,29.56,0
41358.02,3.716003344,110.67,95.4,8.144,10.50,0.00000,0,0,1.29,2.24,4.67,40.4,-2.22,28,62,30.01,29.62,5
41358.14,3.716003344,103.91,73.7,6.903,10.10,0.00000,0,0,0.97,2.24,4.67,40.4,-2.22,28,62,30.01,29.62,5
41358.27,3.662757832,88.92,66.3,5.977,9.60,0.00000,0,0,0.17,2.2,4.67,40.4,-2.22,28,62,30.01,29.62,5
41358.44,3.556302501,81.97,56,5.117,9.10,0.00000,0,0,0.02,1.5,4.67,40.4,-2.22,28,62,30.01,29.62,5
41358.48,3.462397998,69.99,56.3,4.942,9.10,0.00000,0,0,0.01,1.33,4.67,40.4,-2.22,28,62,30.01,29.62,5
41358.64,3.236789099,60.13,47.4,4.357,9.90,0.00000,0,0,0,1.29,4.67,40.4,-2.22,28,62,30.01,29.62,5
41358.85,2.969881644,48.93,46.5,3.814,10.40,0.00000,0,0,0,1.29,4.67,40.4,-2.22,28,62,30.01,29.62,5
41359.06,3.079181246,48.77,41.1,3.393,9.10,0.00000,0,0,0,1.21,3.44,38.2,-3.61,25.5,61,30.23,29.97,3
41359.27,3.146128036,42.71,39.7,3.096,8.20,0.00000,0,0,0,0.16,3.44,38.2,-3.61,25.5,61,30.23,29.97,3
41450.54,2.748188027,6.42,8.78,0.665,23.10,0.00000,0,0,0,0,23.83,74.9,21.61,70.9,88,30.17,30.04,0
41477.78,3.799340549,63.24,40,1.468,24.30,0.00000,0,0,0.65,0.65,24.50,76.1,22.44,72.4,88,30.02,29.89,0
41477.86,4.243038049,115.14,65,1.657,24.10,0.00133,0.02,0.02,0.67,0.67,24.50,76.1,22.44,72.4,88,30.02,29.89,0
41477.95,4.414973348,128.45,61.8,1.849,23.90,0.00000,0,0,0.77,0.77,24.50,76.1,22.44,72.4,88,30.02,29.89,0
41478.03,4.044343735,122.03,65.2,1.929,23.60,0.00000,0,0.01,0.78,0.78,27.72,81.9,24.17,75.5,82,29.95,29.85,1
41478.11,4.01494035,169.38,71.5,2.146,23.50,0.00000,0,0,0.78,0.78,27.72,81.9,24.17,75.5,82,29.95,29.85,1
41478.20,3.748188027,86.58,48.3,2.207,23.50,0.00000,0,0,0.78,0.78,27.72,81.9,24.17,75.5,82,29.95,29.85,1
41478.28,3.73239376,87.4,52.5,2.181,23.40,0.00000,0,0,0.78,0.78,27.72,81.9,24.17,75.5,82,29.95,29.85,1
41478.36,3.544068044,47.88,37.5,2.112,23.40,0.00000,0,0,0.77,0.78,27.72,81.9,24.17,75.5,82,29.95,29.85,1
41478.45,3.447158031,43.78,32.4,2.019,23.50,0.00000,0,0,0.77,0.78,27.72,81.9,24.17,75.5,82,29.95,29.85,1
41478.53,3.366422957,34.08,27.7,1.937,24.00,0.00000,0,0,0.77,0.78,27.72,81.9,24.17,75.5,82,29.95,29.85,1
41478.65,2.977723605,14.67,25.9,1.833,24.80,0.00000,0,0,0.77,0.78,27.72,81.9,24.17,75.5,82,29.95,29.85,1
41478.82,2.698970004,20,19.8,1.664,25.00,0.00000,0,0,0.13,0.78,27.72,81.9,24.17,75.5,82,29.95,29.85,1
41479.03,3.122215878,17.65,20.2,1.504,24.30,0.00000,0,0,0.01,0.78,26.06,78.9,23.72,74.7,88,29.85,29.78,0
41479.19,2.954242509,24.29,21.5,1.44,23.80,0.00000,0,0,0,0.78,26.06,78.9,23.72,74.7,88,29.85,29.78,0
41479.36,2.884795364,16.86,21.2,1.406,23.50,0.00000,0,0,0,0.77,26.06,78.9,23.72,74.7,88,29.85,29.78,0
41505.02,3.894869657,63.54,45.8,1.635,21.30,0.00333,0.05,0.12,0.72,1.46,22.28,72.1,20.89,69.6,92,30.55,30.43,1
41505.10,4.822821645,434.74,181.2,4.133,21.30,0.00000,0,0.14,0.95,1.9,22.28,72.1,20.89,69.6,92,30.55,30.43,1
41505.19,4.924279286,455.5,198.6,7.58,21.40,0.00000,0,0,0.95,1.87,22.28,72.1,20.89,69.6,92,30.55,30.43,1
41505.23,4.829303773,388.8,172.6,8.425,21.50,0.00000,0,0.05,1,1.62,22.28,72.1,20.89,69.6,92,30.55,30.43,1
41505.27,4.562292864,344.8,174.8,8.837,21.50,0.00000,0,0,0.99,1.51,22.28,72.1,20.89,69.6,92,30.55,30.43,1
41505.31,4.397940009,304,157.6,8.813,21.50,0.00000,0,0,0.99,1.4,22.28,72.1,20.89,69.6,92,30.55,30.43,1
41505.40,4.342422681,266.5,153.4,8.354,21.50,0.00000,0,0,0.99,1.39,22.28,72.1,20.89,69.6,92,30.55,30.43,1
41505.60,3.720159303,169.5,90.2,6.143,21.60,0.00000,0,0,1,1.38,22.28,72.1,20.89,69.6,92,30.55,30.43,1
41505.94,3.462397998,80.68,53.4,3.984,21.80,0.00000,0,0,0.88,1.23,22.28,72.1,20.89,69.6,92,30.55,30.43,1
41506.44,3.113943352,45,37.9,2.696,21.50,0.00000,0,0,0.01,1,23.72,74.7,21.67,71,88,30.58,30.46,1
41506.60,2.943494516,33.87,30.6,2.472,21.70,0.00000,0,0,0,1,23.72,74.7,21.67,71,88,30.58,30.46,1
41507.06,2.913813852,26.56,26.5,1.986,22.00,0.00000,0,0,0,0.24,24.28,75.7,22.94,73.3,93,30.26,30.15,0
41526.51,2.759667845,5.6,11,0.653,22.39,0.00000,0,0,0,0,26.28,79.3,20.72,69.3,73,30.49,30.34,1
41584.42,2.889301703,1.6,5.52,0.613,0.00,0.00000,0,0,0,0,15.83,60.5,11.89,53.4,78,30.66,30.46,1
41599.44,2.62324929,3.4,5.93,0.693,10.28,0.00000,0,0,0.02,0.02,10.72,51.3,6.00,42.8,73,30.72,30.63,2
41621.42,2.469822016,6.7,8.7,0.917,4.61,0.00000,0,0,0,0,5.83,42.5,-2.83,26.9,57,30.63,30.49,0
41649.60,2.966141733,22.34,24,1.547,6.50,0.00000,0,0.01,0.47,0.47,7.06,44.7,5.72,42.3,92,30.66,30.34,1
41649.68,2.938019097,30.03,29.8,1.702,6.72,0.00000,0,0,0.48,0.48,7.06,44.7,5.72,42.3,92,30.66,30.34,1
41649.77,3.146128036,38.67,34.8,1.857,6.78,0.00000,0,0,0.48,0.48,7.06,44.7,5.72,42.3,92,30.66,30.34,1
41649.81,3,44.8,35.4,1.905,6.89,0.00000,0,0,0.48,0.48,7.06,44.7,5.72,42.3,92,30.66,30.34,1
41649.85,2.903089987,41.12,34.7,1.929,6.89,0.00000,0,0,0.48,0.48,7.06,44.7,5.72,42.3,92,30.66,30.34,1
41650.14,2.698970004,19.44,32,1.857,6.89,0.00000,0,0.01,0.47,0.55,12.56,54.6,10.33,50.6,87,30.34,29.98,2
41650.31,3.48784512,140.34,74.2,3.197,7.00,0.00067,0,0,0.72,0.92,12.56,54.6,10.33,50.6,87,30.34,29.98,2
41650.39,3.852784869,300,251,6.013,7.00,0.00067,0,0,0.62,0.92,12.56,54.6,10.33,50.6,87,30.34,29.98,2
41650.23,3.740362689,104.98,69.4,2.172,7.00,0.00067,0.01,0.22,0.8,0.91,12.56,54.6,10.33,50.6,87,30.34,29.98,2
41650.52,4.431363764,527.5,341.5,21.197,8.61,0.00600,0.09,0.29,1.99,2.44,12.56,54.6,10.33,50.6,87,30.34,29.98,2
41650.60,3.960232873,493.33,360,29.935,9.28,0.00000,0,0,2.22,2.69,12.56,54.6,10.33,50.6,87,30.34,29.98,2
41650.73,3.8309093,238.08,271,35.474,9.72,0.00000,0,0,2.21,2.69,12.56,54.6,10.33,50.6,87,30.34,29.98,2
41650.81,4.103803721,216.49,232.5,39.501,9.72,0.00000,0,0,2.21,2.69,12.56,54.6,10.33,50.6,87,30.34,29.98,2
41650.98,4.175134759,251.57,263,60.192,9.78,0.00000,0,0,2.21,2.69,12.56,54.6,10.33,50.6,87,30.34,29.98,2
41651.02,4.414973348,166.99,231.5,66.875,9.72,0.00000,0,0,2.18,2.69,9.61,49.3,3.39,38.1,67,30.46,30.19,2
41651.06,4.491361694,169.23,217.5,72.102,9.61,0.00000,0,0,2.15,2.67,9.61,49.3,3.39,38.1,67,30.46,30.19,2
41651.10,4.380211242,135.99,185,70.741,9.39,0.00000,0,0,2.15,2.64,9.61,49.3,3.39,38.1,67,30.46,30.19,2
41651.15,4.414973348,106.35,176,67.527,9.22,0.00000,0,0,2.14,2.6,9.61,49.3,3.39,38.1,67,30.46,30.19,2
41651.27,4.397940009,142.05,152,40.785,8.50,0.00000,0,0,1.77,2.49,9.61,49.3,3.39,38.1,67,30.46,30.19,2
41651.40,4.049218023,156.38,146.4,15.566,8.00,0.00000,0,0,1.77,2.35,9.61,49.3,3.39,38.1,67,30.46,30.19,2
41651.56,4.083681747,191.14,145.2,9.655,8.39,0.00000,0,0,0.08,2.23,9.61,49.3,3.39,38.1,67,30.46,30.19,2
41651.81,4.098643726,192.82,147.6,8.425,9.39,0.00000,0,0,0,2.21,9.61,49.3,3.39,38.1,67,30.46,30.19,2
41652.02,4.148448404,168.33,137.8,7.802,8.61,0.00000,0,0,0,2.18,8.06,46.5,4.28,39.7,79,30.46,30.19,1
41652.23,4.108903128,158,151,7.428,7.78,0.00000,0,0,0,1.78,8.06,46.5,4.28,39.7,79,30.46,30.19,1
41652.40,4.065392962,152.1,130.8,7.299,7.39,0.00000,0,0,0,1.77,8.06,46.5,4.28,39.7,79,30.46,30.19,1
41653.56,3.73239376,88.1,98.8,5.814,9.61,0.00000,0,0,0.25,0.25,10.78,51.4,5.39,41.7,73,30.31,30.1,2
41654.56,3.138302698,59.73,64.1,3.405,8.00,0.00000,0,0,0,0.25,5.61,42.1,-1.06,30.1,65,30.31,30.19,3
41656.49,2.40654018,30.9,44.1,2.172,5.61,0.00000,0,0,0,0,5.06,41.1,-5.39,22.3,49,30.31,30.13,3
41660.50,2.195899652,13.8,21.1,1.406,6.50,0.00000,0,0,0,0,5.00,41,-2.67,27.2,59,30.22,29.96,5
41690.57,1.740362689,12.27,14.8,1.657,12.78,0.00000,0,0,0,0,20.17,68.3,-0.50,31.1,25,0,40,0
41701.49,1.826074803,11.2,13.2,1.344,12.11,0.00000,0,0,0.13,0.13,12.33,54.2,7.72,45.9,74,30.12,29.73,4
41701.53,1.812913357,8.99,12.8,1.364,12.11,0.00000,0,0,0.13,0.13,12.33,54.2,7.72,45.9,74,30.12,29.73,4
41701.61,1.653212514,7.24,13.1,1.364,12.11,0.00000,0,0,0.13,0.13,12.33,54.2,7.72,45.9,74,30.12,29.73,4
41701.70,1.176091259,8.29,12.8,1.406,12.11,0.00000,0,0,0.13,0.13,12.33,54.2,7.72,45.9,74,30.12,29.73,4
41701.78,1.86332286,8.7,13.1,1.406,12.11,0.00000,0,0,0.13,0.13,12.33,54.2,7.72,45.9,74,30.12,29.73,4
41701.86,2.301029996,9.58,13.1,1.406,12.11,0.00000,0,0,0.13,0.13,12.33,54.2,7.72,45.9,74,30.12,29.73,4
41702.03,2.274157849,7.65,13.8,1.364,12.11,0.00000,0,0,0.13,0.13,3.50,38.3,-5.78,21.6,52,30.2,30.09,3
41702.20,2.371067862,8.31,12.8,1.324,10.28,0.00000,0,0,0.13,0.13,3.50,38.3,-5.78,21.6,52,30.2,30.09,3
41702.36,2.190331698,8.18,14.4,1.303,10.28,0.00000,0,0,0.07,0.13,3.50,38.3,-5.78,21.6,52,30.2,30.09,3
41702.45,1.84509804,5.76,13.5,1.303,10.28,0.00000,0,0,0,0.13,3.50,38.3,-5.78,21.6,52,30.2,30.09,3
41705.47,2.763427994,42.66,33.6,2.278,7.39,0.00067,0.01,0.05,0.93,0.93,8.56,47.4,5.28,41.5,81,29.99,29.84,2
41705.55,2.531478917,58.98,33.2,2.36,8.50,0.00000,0,0,0.93,0.93,8.56,47.4,5.28,41.5,81,29.99,29.84,2
41705.64,2.694605199,49.41,36.4,2.443,8.78,0.00000,0,0,0.91,0.93,8.56,47.4,5.28,41.5,81,29.99,29.84,2
41705.68,2.744292983,52.57,35.6,2.443,8.78,0.00000,0,0,0.87,0.93,8.56,47.4,5.28,41.5,81,29.99,29.84,2
41705.72,2.763427994,51.59,35.1,2.443,10.11,0.00000,0,0,0.8,0.93,8.56,47.4,5.28,41.5,81,29.99,29.84,2
41705.76,2.681241237,44.17,34.6,2.472,10.11,0.00000,0,0,0.67,0.93,8.56,47.4,5.28,41.5,81,29.99,29.84,2
41705.80,2.596597096,46.03,33.9,2.443,10.11,0.00000,0,0,0.6,0.93,8.56,47.4,5.28,41.5,81,29.99,29.84,2
41705.89,2.707570176,47.9,37.3,2.388,10.00,0.00000,0,0,0.47,0.93,8.56,47.4,5.28,41.5,81,29.99,29.84,2
41706.05,2.653212514,37.3,34.1,2.199,8.89,0.00000,0,0,0.39,0.93,13.00,55.4,4.44,40,62,30.07,29.97,2
41706.18,2.740362689,30.34,29.2,2.078,8.28,0.00000,0,0,0.3,0.93,13.00,55.4,4.44,40,62,30.07,29.97,2
41706.30,2.73239376,24.77,24.5,2.003,7.61,0.00000,0,0,0.23,0.93,13.00,55.4,4.44,40,62,30.07,29.97,2
41706.39,2.568201724,18.86,24.2,1.953,7.50,0.00000,0,0,0.12,0.93,13.00,55.4,4.44,40,62,30.07,29.97,2
41707.51,1.602059991,12.2,12.8,1.679,11.28,0.00000,0,0,0,0,16.39,61.5,5.67,42.2,51,30.09,29.97,3
41709.47,2.342422681,10.9,12.9,1.504,11.72,0.00000,0,0,0,0,18.94,66.1,7.89,46.2,52,29.87,29.67,3
41714.55,3,32.43,24.7,1.725,12.72,0.00000,0,0.03,0.81,0.81,13.44,56.2,11.39,52.5,88,29.96,29.62,1
41714.68,2.672097858,61.62,34.9,2.225,12.78,0.00000,0,0,0.81,0.81,13.44,56.2,11.39,52.5,88,29.96,29.62,1
41714.80,2.755874856,116.72,54.6,2.88,12.89,0.00000,0,0,0.81,0.81,13.44,56.2,11.39,52.5,88,29.96,29.62,1
41714.85,2.740362689,128.01,57.6,2.998,12.89,0.00000,0,0,0.81,0.81,13.44,56.2,11.39,52.5,88,29.96,29.62,1
41714.89,2.808210973,133.77,57.4,2.998,12.89,0.00067,0.01,0.01,0.82,0.82,13.44,56.2,11.39,52.5,88,29.96,29.62,1
41714.97,3.096214585,107.73,61.2,2.912,12.89,0.00000,0,0,0.84,0.84,13.44,56.2,11.39,52.5,88,29.96,29.62,1
41715.10,3.556302501,84,56.2,2.696,12.72,0.00000,0,0,0.84,0.84,5.83,42.5,5.11,41.2,95,29.85,29.65,3
41715.22,3.414973348,62.66,48.1,2.529,12.28,0.00000,0,0,0.85,0.85,5.83,42.5,5.11,41.2,95,29.85,29.65,3
41715.30,3.096910013,51.76,43.8,2.443,12.00,0.00000,0,0,0.79,0.85,5.83,42.5,5.11,41.2,95,29.85,29.65,3
41715.51,2.716003344,41.04,34.1,2.278,11.28,0.00000,0,0.02,0.13,0.89,5.83,42.5,5.11,41.2,95,29.85,29.65,3
41715.60,2.763427994,43.36,33.2,2.305,10.89,0.00200,0.03,0.09,0.2,1.01,5.83,42.5,5.11,41.2,95,29.85,29.65,3
41715.72,2.73239376,31.06,27.1,2.36,10.61,0.00000,0,0.01,0.27,1.08,5.83,42.5,5.11,41.2,95,29.85,29.65,3
41715.85,2.744292983,35.77,30.1,2.5,10.22,0.00133,0.02,0.03,0.31,1.12,5.83,42.5,5.11,41.2,95,29.85,29.65,3
41715.97,2.643452676,37.55,30.8,2.636,9.78,0.00000,0,0,0.31,1.15,5.83,42.5,5.11,41.2,95,29.85,29.65,3
41716.10,2.711807229,43.66,33.2,2.636,9.39,0.00000,0,0,0.33,1.17,6.06,42.9,3.78,38.8,86,30.08,29.81,3
41716.22,3.477121255,45.61,32.6,2.636,9.00,0.00000,0,0,0.32,1.17,6.06,42.9,3.78,38.8,86,30.08,29.81,3
41716.35,3.491361694,48.33,31.7,2.577,8.72,0.00000,0,0,0.31,1.02,6.06,42.9,3.78,38.8,86,30.08,29.81,3
41716.68,2.568201724,26.42,25.8,2.415,10.39,0.00000,0,0,0.11,0.37,6.06,42.9,3.78,38.8,86,30.08,29.81,3
41717.01,2.40654018,18.18,21.5,2.252,10.72,0.00000,0,0,0.03,0.34,9.56,49.2,7.11,44.8,86,30.11,29.98,2
41717.39,2.658011397,22.3,21.5,2.129,10.00,0.00000,0,0,0.01,0.32,9.56,49.2,7.11,44.8,86,30.11,29.98,2
41719.45,1.929418926,12.45,13.7,1.725,10.11,0.00000,0,0,0,0,13.00,55.4,-1.06,30.1,44,30.13,29.98,1
41726.39,2.681241237,11.4,8.77,1.344,11.39,0.00000,0,0.01,0.01,0.01,14.28,57.7,11.89,53.4,86,30.16,29.98,2
41736.29,2.919078092,36.76,17.6,1.364,13.72,0.00200,0.03,0.06,0.42,0.42,13.00,55.4,12.17,53.9,95,29.99,29.63,3
41736.37,3.361727836,54.46,29.7,1.511,13.39,0.00733,0.11,0.17,0.63,0.63,13.00,55.4,12.17,53.9,95,29.99,29.63,3
41736.46,3.826074803,143.89,72.4,1.905,12.72,0.00400,0.06,0.3,1.4,1.4,13.00,55.4,12.17,53.9,95,29.99,29.63,3
41736.54,3.607455023,163.78,73.1,2.839,12.61,0.00200,0.03,0.21,1.78,1.78,13.00,55.4,12.17,53.9,95,29.99,29.63,3
41736.58,3.556302501,236.8,84,3.724,12.72,0.00067,0.01,0.06,1.84,1.84,13.00,55.4,12.17,53.9,95,29.99,29.63,3
41736.66,3.607455023,342.4,143.6,5.85,12.89,0.00000,0,0,1.86,1.86,13.00,55.4,12.17,53.9,95,29.99,29.63,3
41736.71,3.550228353,391.6,176.4,6.762,13.00,0.00000,0,0,1.86,1.86,13.00,55.4,12.17,53.9,95,29.99,29.63,3
41736.75,3.525044807,413.4,166,7.471,13.11,0.00000,0,0.01,1.87,1.87,13.00,55.4,12.17,53.9,95,29.99,29.63,3
41736.79,3.72427587,381.72,176.6,7.668,13.28,0.00000,0,0,1.87,1.87,13.00,55.4,12.17,53.9,95,29.99,29.63,3
41736.83,3.827692289,384.4,180.2,7.712,13.50,0.00000,0,0,1.87,1.87,13.00,55.4,12.17,53.9,95,29.99,29.63,3
41736.87,3.829303773,348.2,157.6,7.449,13.61,0.00000,0,0,1.87,1.87,13.00,55.4,12.17,53.9,95,29.99,29.63,3
41736.91,3.948168362,312.36,152.6,7.089,13.78,0.00000,0,0,1.86,1.87,13.00,55.4,12.17,53.9,95,29.99,29.63,3
41737.00,3.612783857,245.49,118.4,6.236,14.11,0.00000,0,0,1.86,1.87,13.00,55.4,12.17,53.9,95,29.99,29.63,3
41737.08,3.447158031,184.3,87.2,5.69,14.28,0.00000,0,0.01,1.95,1.97,13.94,57.1,6.67,44,65,29.74,29.6,3
41737.21,3.15624619,140.84,76.8,5.215,14.28,0.00000,0,0,1.61,1.97,13.94,57.1,6.67,44,65,29.74,29.6,3
41737.29,3.138302698,126.3,66.1,4.864,14.00,0.00000,0,0,1.58,1.97,13.94,57.1,6.67,44,65,29.74,29.6,3
41737.41,3.16879202,102.47,58.2,4.487,13.72,0.00000,0,0,0.9,1.97,13.94,57.1,6.67,44,65,29.74,29.6,3
41737.58,2.669316881,92.77,53.3,3.958,14.78,0.00000,0,0,0.14,1.97,13.94,57.1,6.67,44,65,29.74,29.6,3
41737.75,2.698970004,64.16,43.9,3.587,16.39,0.00000,0,0,0.1,1.97,13.94,57.1,6.67,44,65,29.74,29.6,3
41737.91,2.301029996,57.33,42.8,3.254,16.11,0.00000,0,0,0.1,1.96,13.94,57.1,6.67,44,65,29.74,29.6,3
41738.08,2.397940009,52.99,36.7,3.019,15.11,0.00000,0,0,0,1.95,15.11,59.2,3.94,39.1,51,30.09,29.73,3
41738.25,2.477121255,50.27,37.7,2.828,14.00,0.00000,0,0,0,1.61,15.11,59.2,3.94,39.1,51,30.09,29.73,3
41738.41,2.544068044,41.41,35.6,2.676,13.11,0.00000,0,0,0,0.87,15.11,59.2,3.94,39.1,51,30.09,29.73,3
41738.58,2,34.24,28.5,2.538,15.22,0.00000,0,0,0,0.12,15.11,59.2,3.94,39.1,51,30.09,29.73,3
41739.00,2.012837225,32.28,26.9,2.243,15.50,0.00000,0,0,0,0.05,16.17,61.1,3.72,38.7,50,30.22,30.09,2
41739.42,2.10720997,26.78,21.6,2.044,12.50,0.00000,0,0,0,0,16.17,61.1,3.72,38.7,50,30.22,30.09,2
41740.49,2.322219295,17.4,16.3,1.763,14.11,0.00000,0,0,0,0,18.22,64.8,7.39,45.3,50,30.2,30.06,2
41744.04,2.73239376,48.86,29.4,1.786,17.89,0.00200,0.03,0.09,0.33,0.33,14.22,57.6,10.44,50.8,80,30.03,29.62,5
41744.21,3.028571253,91.15,45.5,2.481,17.61,0.00000,0,0,1.02,1.02,14.22,57.6,10.44,50.8,80,30.03,29.62,5
41744.38,2.77815125,103.2,58.3,3.174,17.39,0.00000,0,0,1.03,1.03,14.22,57.6,10.44,50.8,80,30.03,29.62,5
41744.42,2.740362689,144.06,62.7,3.346,17.39,0.00000,0,0,1.03,1.03,14.22,57.6,10.44,50.8,80,30.03,29.62,5
41744.46,2.77815125,138.89,59.3,3.477,17.39,0.00000,0,0,1.03,1.03,14.22,57.6,10.44,50.8,80,30.03,29.62,5
41744.50,2.767155866,144.75,64.6,3.501,17.28,0.00133,0.02,0.02,1.05,1.05,14.22,57.6,10.44,50.8,80,30.03,29.62,5
41744.54,2.949390007,133.22,62.3,3.453,17.28,0.00000,0,0.01,1.06,1.06,14.22,57.6,10.44,50.8,80,30.03,29.62,5
41744.59,2.959041392,133.68,64.6,3.335,17.50,0.00000,0,0,1.06,1.06,14.22,57.6,10.44,50.8,80,30.03,29.62,5
41744.67,2.974511693,86.32,58.8,3.085,18.00,0.00000,0,0,1.04,1.06,14.22,57.6,10.44,50.8,80,30.03,29.62,5
41745.00,2.447158031,46.59,35.1,2.529,15.72,0.00000,0,0,0.85,1.06,8.94,48.1,-1.06,30.1,54,30.29,30.02,3
41745.46,2.139879086,21.82,22.6,2.103,12.11,0.00000,0,0,0.03,1.06,8.94,48.1,-1.06,30.1,54,30.29,30.02,3
41747.50,2.212187604,13,13.1,1.635,13.78,0.00000,0,0,0,0,12.06,53.7,6.56,43.8,71,30.29,30.08,3
41781.52,2.574031268,12.75,13.2,1.07,19.22,0.00000,0,0,0,0,25.39,77.7,16.56,61.8,59,30.05,29.93,3
41831.49,2.648360011,5.8,8.96,0.636,23.89,0.00000,0,0,0,0.23,27.33,81.2,21.28,70.3,71,30.15,30.08,0
41850.62,2.720159303,2.2,5.88,0.332,23.28,0.00000,0,0,0,0,20.61,69.1,15.50,59.9,74,30.05,30,0
41872.49,2.58546073,5.4,6.9,0.278,22.89,0.00000,0,0,0,0,27.22,81,20.94,69.7,70,30.08,30.01,1
41900.46,2.970811611,15.4,17,0.423,21.50,0.00000,0,0,0,0,23.50,74.3,19.06,66.3,78,30.02,29.93,1
41934.45,2.414973348,6,5.74,0.346,12.39,0.00000,0,0,0,0,11.83,53.3,6.22,43.2,71,30.1,29.98,0
41948.55,2.021189299,1.4,3.28,0.306,10.89,0.00000,0,0,0,0,13.06,55.5,9.33,48.8,78,30.29,30.16,0
41988.48,1,1,5.28,0.473,0.00,0.00000,0,0,0,0,5.61,42.1,0.33,32.6,71,30.08,30,0
42003.56,2.397940009,25.83,19.2,1.649,11.22,0.00000,0,0,0,0.3,8.33,47,6.67,44,90,30.43,30.09,6
42026.49,1.812913357,7.3,7.12,0.739,6.78,0.00000,0,0,0,0,7.22,45,-2.22,28,52,30.32,30.18,4
42052.05,2.720159303,18.03,14.8,1.064,4.89,0.00200,0.03,0.07,0.81,0.81,0.56,33,-1.11,30,88,29.99,29.72,6
42052.13,2.841984805,29.44,22,1.217,4.78,0.00000,0,0,0.89,0.89,0.56,33,-1.11,30,88,29.99,29.72,6
42052.22,3.096214585,48,33.1,1.426,4.78,0.00000,0,0,0.9,0.9,0.56,33,-1.11,30,88,29.99,29.72,6
42052.30,2.992553518,62.82,39.1,1.679,4.89,0.00000,0,0,0.9,0.9,0.56,33,-1.11,30,88,29.99,29.72,6
42052.38,3.134495856,80,44,1.889,5.00,0.00000,0,0,0.9,0.9,0.56,33,-1.11,30,88,29.99,29.72,6
42052.42,2.950851459,75.49,43,1.961,5.11,0.00067,0.01,0.04,0.94,0.94,0.56,33,-1.11,30,88,29.99,29.72,6
42052.47,2.755874856,71.27,43.2,1.994,5.22,0.00000,0,0,0.94,0.94,0.56,33,-1.11,30,88,29.99,29.72,6
42052.51,2.716003344,71.89,40.3,2.028,5.39,0.00000,0,0,0.94,0.94,0.56,33,-1.11,30,88,29.99,29.72,6
42052.55,3.638489257,70,44.7,2.019,5.61,0.00000,0,0,0.94,0.94,0.56,33,-1.11,30,88,29.99,29.72,6
42052.63,3.607455023,56.34,40.4,1.994,5.61,0.00000,0,0,0.91,0.94,0.56,33,-1.11,30,88,29.99,29.72,6
42052.67,4.309630167,52.86,40.3,1.97,5.89,0.00000,0,0,0.91,0.94,0.56,33,-1.11,30,88,29.99,29.72,6
42052.76,4.033423755,45.22,40.4,1.905,6.11,0.00000,0,0,0.78,0.94,0.56,33,-1.11,30,88,29.99,29.72,6
42052.84,4.035429738,39.7,35.1,1.881,6.00,0.00000,0,0,0.61,0.94,0.56,33,-1.11,30,88,29.99,29.72,6
42052.92,3.880813592,36.57,33.1,1.865,5.78,0.00000,0,0,0.39,0.94,0.56,33,-1.11,30,88,29.99,29.72,6
42053.01,3.67669361,30.57,28.9,1.817,5.50,0.00000,0,0,0.21,0.94,-1.11,30,-7.22,19,69,30.19,29.98,12
42053.09,3.45484486,27.25,27.7,1.771,5.22,0.00000,0,0,0.06,0.94,-1.11,30,-7.22,19,69,30.19,29.98,12
42053.17,3.147057671,28.06,24.3,1.717,4.78,0.00000,0,0,0.05,0.94,-1.11,30,-7.22,19,69,30.19,29.98,12
42053.26,3.123851641,24.06,26.6,1.664,4.50,0.00000,0,0,0.05,0.95,-1.11,30,-7.22,19,69,30.19,29.98,12
42053.42,2.72427587,40,31.8,1.583,4.11,0.00000,0,0,0.02,0.95,-1.11,30,-7.22,19,69,30.19,29.98,12
42053.63,2.068185862,13.91,15.5,1.504,5.39,0.00000,0,0,0.01,0.92,-1.11,30,-7.22,19,69,30.19,29.98,12
42053.84,1.986771734,13.94,18.3,1.426,5.00,0.00000,0,0,0.01,0.59,-1.11,30,-7.22,19,69,30.19,29.98,12
42054.05,2.041392685,11.64,15.9,1.371,3.61,0.00000,0,0,0.01,0.14,-5.56,22,-17.22,1,46,30.35,30.21,13
42054.50,1.301029996,6.83,11.2,1.204,2.39,0.00000,0,0,0,0.01,-5.56,22,-17.22,1,46,30.35,30.21,13
42055.48,1.77815125,3.37,9.43,1.064,1.72,0.00000,0,0,0,0,-3.33,26,-16.11,3,43,30.48,30.33,5
42107.93,2.872156273,20.55,12.7,1.045,19.11,0.00000,0,0.07,0.72,0.72,20.00,68,17.78,64,87,30.23,30.1,6
42108.05,2.907411361,31.48,17.3,1.172,18.89,0.00133,0.02,0.03,0.74,0.75,23.89,75,18.89,66,77,30.11,29.98,5
42108.22,3.115610512,43.94,24,1.31,18.72,0.00000,0,0,0.87,0.88,23.89,75,18.89,66,77,30.11,29.98,5
42108.39,3.10720997,53.39,27.8,1.461,18.72,0.00000,0,0.05,0.93,0.95,23.89,75,18.89,66,77,30.11,29.98,5
42108.47,3.022428371,55.63,29.4,1.54,19.00,0.00000,0,0,0.94,0.96,23.89,75,18.89,66,77,30.11,29.98,5
42108.55,2.98811284,79.31,30.3,1.635,19.78,0.00000,0,0,0.94,0.96,23.89,75,18.89,66,77,30.11,29.98,5
42108.60,2.937016107,86.47,32.5,1.687,20.50,0.00000,0,0,0.94,0.96,23.89,75,18.89,66,77,30.11,29.98,5
42108.64,2.740362689,62.25,33.5,1.694,21.00,0.00000,0,0,0.88,0.96,23.89,75,18.89,66,77,30.11,29.98,5
42108.72,2.670245853,42.29,32.6,1.687,21.72,0.00000,0,0,0.56,0.96,23.89,75,18.89,66,77,30.11,29.98,5
42108.76,2.498310554,55.58,31.5,1.672,21.78,0.00000,0,0,0.56,0.96,23.89,75,18.89,66,77,30.11,29.98,5
42108.80,2.607455023,53.6,27.7,1.672,21.78,0.00000,0,0,0.56,0.96,23.89,75,18.89,66,77,30.11,29.98,5
42108.85,2.618048097,43.98,31.1,1.672,21.61,0.00000,0,0,0.56,0.96,23.89,75,18.89,66,77,30.11,29.98,5
42108.93,2.638489257,51.84,26.9,1.635,21.28,0.00000,0,0,0.24,0.96,23.89,75,18.89,66,77,30.11,29.98,5
42109.05,2.62324929,44.52,24,1.547,20.72,0.00000,0,0,0.23,0.95,16.67,62,16.11,61,90,30.24,29.99,8
42109.18,2.643452676,43.49,29.6,1.475,20.39,0.00000,0,0,0.08,0.95,16.67,62,16.11,61,90,30.24,29.99,8
42109.30,2.537819095,42.82,28.4,1.433,20.11,0.00000,0,0,0.1,0.96,16.67,62,16.11,61,90,30.24,29.99,8
42109.43,2.431363764,32.63,19.6,1.399,20.00,0.00267,0.04,0.04,0.07,1.01,16.67,62,16.11,61,90,30.24,29.99,8
42109.47,3.607455023,166.67,65.2,1.497,19.78,0.01933,0.29,0.51,0.58,1.52,16.67,62,16.11,61,90,30.24,29.99,8
42109.51,4.347330015,88.21,54.1,1.635,19.39,0.00400,0.06,0.21,0.79,1.73,16.67,62,16.11,61,90,30.24,29.99,8
42110.51,3.231724383,159.12,82.6,3.984,16.39,0.00000,0,0,0.2,0.93,12.22,54,10.56,51,90,30.31,30.2,9
42110.76,3.088136089,126.65,60,3.335,16.39,0.00000,0,0,0.01,0.93,12.22,54,10.56,51,90,30.31,30.2,9
42111.05,2.938519725,96.46,49.7,2.828,16.11,0.00000,0,0,0.01,0.93,15.00,59,14.44,58,92,30.19,30.02,3
42111.43,2.73239376,68.8,43.4,2.481,15.78,0.00000,0,0,0.02,0.88,15.00,59,14.44,58,92,30.19,30.02,3
42112.83,3.16879202,140,64.1,4.272,18.11,0.00000,0,0,0.95,1.1,20.56,69,17.22,63,92,30.03,29.92,4
42113.37,3.204119983,81.35,45.2,3.358,17.72,0.00133,0.02,0.03,0.19,1.26,19.44,67,18.33,65,94,29.95,29.71,5
42113.54,3.031408464,88.37,46,3.574,17.78,0.00133,0.02,0.02,0.22,1.29,19.44,67,18.33,65,94,29.95,29.71,5
42113.67,3.491361694,93.37,49.1,4.119,18.00,0.00000,0,0.04,0.65,1.73,19.44,67,18.33,65,94,29.95,29.71,5
42113.75,3.653212514,170.45,83.6,5.432,18.11,0.00000,0,0,0.67,1.7,19.44,67,18.33,65,94,29.95,29.71,5
42113.79,4.080987047,312.71,130.6,6.642,18.22,0.00000,0,0,0.67,1.66,19.44,67,18.33,65,94,29.95,29.71,5
42113.84,4.132739838,220,130,7.602,18.22,0.00000,0,0,0.67,1.6,19.44,67,18.33,65,94,29.95,29.71,5
42113.88,3.985650974,384.73,138.2,8.497,18.22,0.00000,0,0,0.67,1.55,19.44,67,18.33,65,94,29.95,29.71,5
42113.92,4.089021501,408.46,159.4,9.163,18.28,0.00000,0,0,0.67,1.3,19.44,67,18.33,65,94,29.95,29.71,5
42113.96,4.148448404,465.63,166,9.523,18.28,0.00000,0,0,0.67,1.24,19.44,67,18.33,65,94,29.95,29.71,5
42114.00,4.127914294,472.37,227.5,9.655,18.28,0.00000,0,0,0.67,1.19,20.00,68,16.11,61,82,29.82,29.65,8
42114.04,4.038421446,402.04,187.5,9.681,18.28,0.00000,0,0,0.67,1.16,20.00,68,16.11,61,82,29.82,29.65,8
42114.09,3.98788961,376.45,168,9.445,18.22,0.00000,0,0,0.67,1.15,20.00,68,16.11,61,82,29.82,29.65,8
42114.17,3.67669361,295.08,129,8.449,17.89,0.00000,0,0,0.67,0.95,20.00,68,16.11,61,82,29.82,29.65,8
42114.29,3.371067862,177.85,101.2,7.151,17.61,0.00000,0,0.01,0.62,0.69,20.00,68,16.11,61,82,29.82,29.65,8
42114.42,3.261262869,193.55,77.5,6.236,17.61,0.00000,0,0,0.49,0.69,20.00,68,16.11,61,82,29.82,29.65,8
42114.75,2.99343623,113.98,57.8,4.864,18.61,0.00000,0,0,0.07,0.74,20.00,68,16.11,61,82,29.82,29.65,8
42114.96,3.190331698,96.93,54.9,4.414,18.78,0.00000,0,0,0.15,0.82,20.00,68,16.11,61,82,29.82,29.65,8
42115.09,2.155336037,108.04,56.9,4.665,18.28,0.00000,0,0,0.15,0.82,16.67,62,4.44,40,51,29.99,29.84,7
42115.13,3.178976947,122.7,57.8,4.833,18.22,0.00000,0,0,0.15,0.82,16.67,62,4.44,40,51,29.99,29.84,7
42115.17,3.469822016,117.15,60.5,4.787,17.89,0.00000,0,0,0.15,0.82,16.67,62,4.44,40,51,29.99,29.84,7
42115.29,2.322219295,91.54,69.4,4.244,16.89,0.00000,0,0,0.15,0.76,16.67,62,4.44,40,51,29.99,29.84,7
42119.54,3.135132651,62.59,26.9,1.709,16.78,0.00000,0,0,0.44,0.44,19.44,67,15.00,59,76,29.93,29.61,3
42119.71,3.153814864,52.58,33.1,1.921,17.39,0.00000,0,0,0.44,0.44,19.44,67,15.00,59,76,29.93,29.61,3
42119.75,3.066325925,59.17,34.4,1.994,17.72,0.00000,0,0,0.44,0.44,19.44,67,15.00,59,76,29.93,29.61,3
42119.79,3.071882007,59.09,33.5,2.036,17.72,0.00000,0,0,0.44,0.44,19.44,67,15.00,59,76,29.93,29.61,3
42119.84,3.012837225,57.63,32.9,2.028,17.78,0.00000,0,0,0.44,0.44,19.44,67,15.00,59,76,29.93,29.61,3
42120.00,2.973127854,40.1,29.7,1.865,17.89,0.00000,0,0,0.44,0.44,21.67,71,15.56,60,70,29.76,29.58,8
42120.21,2.894869657,23.64,27.9,1.74,17.78,0.00000,0,0,0.42,0.44,21.67,71,15.56,60,70,29.76,29.58,8
42120.42,2.763427994,33.33,21.7,1.635,17.89,0.00000,0,0,0,0.44,21.67,71,15.56,60,70,29.76,29.58,8
42172.39,2.996949248,5.4,8.24,0.316,23.10,0.00000,0,0,0,0,30.56,87,20.00,68,61,30.12,30.01,3
42212.49,2.716003344,16.93,12.6,0.195,24.10,0.00000,0,0,0,0,28.89,84,20.00,68,66,30.02,29.91,2
42241.47,2.62838893,11.64,11.41,0.423,23.10,0.00000,0,0,0,0.39,25.00,77,17.78,64,67,29.94,29.87,4
42275.43,3.031408464,19.4,14.4,0.546,19.90,0.00000,0,0,0.03,0.05,21.67,71,20.56,69,94,30.06,29.94,7
